day,game,sp_game,sp_h1,sp_q1,ml_h,ml_a,q1,q1_line,q1_over,q1_under,h1,h1_line,h1_over,h1_under,reg,ot,final,fin_line,fin_over,fin_under
2025-10-21,HOU@OKC,-6.5,-4.5,-1.5,1.4082,3.1,57,56,1.952,1.869,108,109.5,1.869,1.952,208,41,249,225.5,1.909,1.952
2025-10-21,GSW@LAL,1.5,0.5,0.5,2.24,1.72,50,56.5,2.05,1.952,109,112.5,1.869,1.952,228,0,228,226.5,1.909,2
2025-10-22,CLE@NYK,2.5,-0.5,-0.5,2.05,1.83,56,55.5,1.909,1.95,115,110.5,1.909,1.909,230,0,230,227.5,1.909,2.05
2025-10-22,MIA@ORL,-7.5,-4.5,-2.5,1.3,3.8,77,55.5,1.91,1.91,134,111,1.869,1.952,246,0,246,215.5,1.909,1.962
2025-10-22,BKN@CHA,-5.5,-2.5,-1.5,1.487,2.85,70,58.5,1.87,1.952,137,116.5,1.909,1.909,253,0,253,227.5,1.909,2
2025-10-22,PHI@BOS,-5.5,-1.5,-0.5,1.5051,2.75,54,58.5,1.909,2,108,117,1.909,1.909,233,0,233,229.5,1.909,2
2025-10-22,TOR@ATL,-5.5,-2.5,-1.5,1.48,2.85,70,58.5,2,1.909,124,114.5,1.909,1.909,256,0,256,236.5,1.909,2
2025-10-22,NOP@MEM,-3.5,-2.5,-1.5,1.588,2.48,57,57.5,1.909,2.05,123,114.5,1.909,1.909,250,0,250,235.5,1.909,2
2025-10-22,DET@CHI,2.5,2.5,0.5,2.42,1.65,54,60.5,1.87,1.952,113,119.5,1.909,1.909,226,0,226,235.5,1.952,2
2025-10-22,WAS@MIL,-9.5,-5.5,-3,1.2273,4.5,63,58.5,1.909,2,125,117.5,1.869,1.952,253,0,253,227.5,1.909,1.952
2025-10-22,LAC@UTA,9.5,5.5,3,4.7,1.235,62,55.5,1.95,1.909,125,110,1.909,1.909,237,0,237,226.5,2,1.909
2025-10-22,SAS@DAL,-3.5,-1.5,-0.5,1.625,2.42,57,56.5,1.909,2,111,113,1.869,1.952,217,0,217,224.5,1.95,1.926
2025-10-22,SAC@PHX,-2.5,-1.5,-1,1.62,2.46,48,58.5,1.909,1.95,125,117,1.909,1.909,236,0,236,227.5,1.909,2
2025-10-22,MIN@POR,4.5,2,1.5,2.7,1.61,68,54.5,1.95,1.87,118,107.5,1.869,1.952,232,0,232,221.5,1.909,2
2025-10-23,OKC@IND,7.5,4.5,2.5,3.5,1.33,47,57.5,2,1.869,101,113,1.869,1.952,226,50,276,230.5,1.909,2
2025-10-23,DEN@GSW,-1.5,-0.5,-0.5,1.89,2,58,59.5,1.869,2,131,119,1.869,1.952,240,28,268,233.5,1.952,1.909
2025-10-24,MIL@TOR,-2.5,-0.5,-0.5,1.8,2.12,46,60.5,1.91,1.952,106,115.5,1.833,2,238,0,238,234.5,1.909,2
2025-10-24,ATL@ORL,-5.5,-2.5,-1.5,1.46,2.85,49,60.5,1.909,1.95,112,118.5,1.909,1.909,218,0,218,234.5,1.909,2
2025-10-24,CLE@BKN,11.5,7.5,3.5,6,1.16,57,55.5,1.909,1.95,114,109.5,1.909,1.909,255,0,255,230.5,1.952,1.909
2025-10-24,BOS@NYK,-3.5,-1.5,-1.5,1.6,2.54,52,59.5,1.95,1.909,108,117.5,1.909,1.909,200,0,200,231.5,1.909,1.95
2025-10-24,DET@HOU,-6.5,-3.5,-1.5,1.4,3.1,65,58.5,1.91,1.91,119,116.5,1.909,1.909,226,0,226,226.5,1.909,1.95
2025-10-24,MIA@MEM,-2.5,-1,-1,1.65,2.52,69,59.5,1.909,1.95,133,117.5,1.909,1.909,260,0,260,233.5,2,1.909
2025-10-24,SAS@NOP,3.5,1.5,1,2.5,1.588,57,59,1.869,1.952,115,115.5,1.909,1.909,214,22,236,233.5,1.909,1.95
2025-10-24,WAS@DAL,-9.5,-5.5,-3.5,1.23,4.5,63,58.5,1.91,1.91,110,117,1.909,1.909,224,0,224,227.5,1.909,2
2025-10-24,UTA@SAC,-6.5,-2.5,-1.5,1.53,2.8,55,56.5,1.952,2.05,95,112.5,1.909,1.909,209,0,209,233.5,1.909,2.05
2025-10-24,GSW@POR,2.5,0.5,-0.5,2.3,1.69,56,55.5,1.95,1.909,125,109.5,1.909,1.909,258,0,258,227.5,1.909,1.952
2025-10-24,MIN@LAL,1.5,1.5,0.5,2.06,1.8,76,54.5,1.909,1.98,131,108.5,1.909,1.909,238,0,238,225.5,1.909,1.95
2025-10-24,PHX@LAC,-9.5,-5.5,-3,1.235,4.5,67,56.5,1.952,1.98,128,109.5,1.909,1.909,231,0,231,222.5,1.909,2
2025-10-25,CHI@ORL,-5.5,-3.5,-2,1.42,3.05,59,56.5,2,2.05,101,112.5,1.909,1.909,208,0,208,232.5,1.909,1.952
2025-10-25,OKC@ATL,8.5,3.5,1.5,3.9,1.3077,57,57.5,1.952,1.98,115,114.5,1.909,1.909,217,0,217,238.5,1.99,1.909
2025-10-25,CHA@PHI,-4.5,-2.5,-1.5,1.53,2.84,65,57.5,1.91,1.91,119,114,1.909,1.909,246,0,246,236.5,1.909,1.952
2025-10-25,IND@MEM,-1.5,-0.5,-0.5,1.75,2.15,44,58.5,1.91,2,112,116,1.869,1.952,231,0,231,240.5,1.91,1.926
2025-10-25,PHX@DEN,-12.5,-7.5,-4,1.12,6.75,62,60.5,1.91,1.91,125,120,1.869,1.952,244,0,244,232.5,1.909,2.05
2025-10-26,BKN@SAS,-11.5,-6.5,-3.5,1.2,5,55,58.5,1.95,1.909,117,115.5,1.869,1.952,225,0,225,227.5,1.91,1.926
2025-10-26,BOS@DET,-2.5,-1.5,-1,1.7407,2.16,57,58.5,1.909,1.95,118,115.5,1.869,1.952,232,0,232,225.5,1.952,2.05
2025-10-26,NYK@MIA,3.5,1.5,0.5,2.4,1.62,51,58.5,1.909,2.05,111,117.5,1.869,1.952,222,0,222,229.5,1.909,2
2025-10-26,MIL@CLE,-7.5,-3,-1.5,1.4,3.2,60,60.5,1.95,1.909,121,119.5,1.909,1.909,231,0,231,233.5,1.909,2
2025-10-26,CHA@WAS,-1.5,-0.5,-0.5,1.83,2.05,61,59.5,1.95,1.87,113,116.5,1.869,1.952,252,0,252,238.5,1.909,2.05
2025-10-26,IND@MIN,-12.5,-7.5,-3.5,1.19,5.75,56,55.5,1.87,1.952,118,111,1.952,1.869,224,0,224,227.5,1.909,2
2025-10-26,TOR@DAL,1.5,0.5,0.5,1.98,1.98,64,56.5,1.87,1.952,130,112.5,1.909,1.909,268,0,268,232.5,1.952,1.909
2025-10-26,LAL@SAC,-3.5,1.5,0.5,1.606,2.42,63,58.5,2.05,1.909,124,115.5,1.952,1.869,247,0,247,224.5,1.909,1.952
2025-10-26,POR@LAC,-7.5,-4.5,-2.5,1.32,3.65,57,56.5,1.909,2.05,115,111.5,1.869,1.952,221,0,221,224.5,1.909,1.952
2025-10-27,CLE@DET,2.5,1,0.5,2.1,1.78,57,57.5,2.05,1.952,104,112.5,1.909,1.909,211,0,211,232.5,2,1.847
2025-10-27,ORL@PHI,6.5,2.5,1.5,2.95,1.4202,61,58.5,1.909,1.95,132,115,1.909,1.909,260,0,260,227.5,1.909,2
2025-10-27,ATL@CHI,2.5,0.5,0.5,2.16,1.7407,62,62.5,1.909,2,115,122,1.869,1.952,251,0,251,243.5,1.909,2
2025-10-27,BOS@NOP,4.5,0.5,-0.5,2.64,1.53,60,60,1.952,1.869,119,118,1.909,1.909,212,0,212,230.5,1.909,2
2025-10-27,BKN@HOU,-15.5,-9,-5,1.083,9,67,57.5,1.833,2,131,115.5,1.909,1.909,246,0,246,225.5,1.95,1.952
2025-10-27,TOR@SAS,-4.5,-2.5,-1.5,1.5714,2.5,70,57.5,1.91,1.91,119,114,1.952,1.869,224,0,224,232.5,1.91,2
2025-10-27,OKC@DAL,8.5,4.5,2.5,4.1,1.2667,52,55.5,1.98,1.909,90,110,1.952,1.869,195,0,195,225.5,1.87,2
2025-10-27,PHX@UTA,-1.5,-0.5,0.5,1.83,2.05,66,60,2,1.833,125,118.5,1.909,1.909,248,24,272,230.5,1.95,1.909
2025-10-27,DEN@MIN,6.5,2.5,1.5,2.94,1.4348,64,59.5,1.95,1.909,122,117.5,1.909,1.909,241,0,241,228.5,1.909,2
2025-10-27,MEM@GSW,-7.5,-4.5,-2.5,1.3,3.75,73,60.5,1.909,2.05,126,115.5,1.909,1.909,249,0,249,240.5,1.952,1.909
2025-10-27,POR@LAL,3.5,1.5,0.5,2.36,1.65,52,58,1.952,1.869,108,115.5,1.909,1.909,230,0,230,226.5,1.909,2
2025-10-28,PHI@WAS,4.5,2.5,1.5,2.6,1.55,72,61.5,1.909,2.05,140,122.5,1.909,1.909,252,21,273,238.5,1.909,2
2025-10-28,CHA@MIA,-4.5,-2.5,-1.5,1.56,2.6,71,58.5,1.909,2,136,117,1.952,1.869,261,0,261,240.5,2,1.909
2025-10-28,NYK@MIL,1.5,0.5,0.5,2.15,1.75,53,59,1.952,1.869,130,117.5,1.952,1.869,232,0,232,230.5,1.952,1.909
2025-10-28,SAC@OKC,-8.5,-5.5,-3.5,1.26,4.1,53,58.5,1.909,1.95,120,117.5,1.952,1.869,208,0,208,226.5,1.909,1.952
2025-10-28,LAC@GSW,1.5,0.5,0.5,2.08,1.8333,58,55,1.869,1.952,95,109,1.869,1.952,177,0,177,223.5,1.909,2
2025-10-29,HOU@TOR,5.5,3,1.5,2.85,1.46,69,57.5,1.909,1.95,133,113.5,1.909,1.909,260,0,260,233.5,1.926,1.95
2025-10-29,ORL@DET,1.5,0.5,0.5,2.05,1.83,65,58.5,1.91,1.91,129,115.5,1.869,1.952,251,0,251,226.5,1.909,2
2025-10-29,CLE@BOS,2.5,1.5,0.5,2.45,1.62,82,57.5,1.95,1.87,135,112.5,1.909,1.909,230,0,230,233.5,1.909,1.952
2025-10-29,ATL@BKN,7.5,4.5,2.5,3.75,1.303,61,61.5,1.91,1.91,115,122.5,1.909,1.909,229,0,229,238.5,1.909,1.962
2025-10-29,SAC@CHI,-4.5,-2.5,-1.5,1.55,2.6,69,61.5,1.952,1.95,126,122,1.909,1.909,239,0,239,237.5,1.909,1.971
2025-10-29,IND@DAL,-5.5,-3,-1.5,1.4348,2.95,55,55.5,1.85,1.98,107,110.5,1.909,1.909,212,0,212,228.5,1.909,2
2025-10-29,POR@UTA,2.5,1.5,0.5,2.3,1.67,76,60.5,1.95,1.87,152,119.5,1.909,1.909,270,0,270,236.5,2,1.84
2025-10-29,NOP@DEN,-11.5,-6.5,-4,1.16,5.75,59,58.5,2,1.95,100,116.5,1.869,1.952,210,0,210,239.5,2.05,1.971
2025-10-29,LAL@MIN,-6.5,-3.5,-2,1.363,3.4,66,57.5,1.83,2,120,115,1.909,1.909,231,0,231,224.5,1.909,2.03
2025-10-29,MEM@PHX,1.5,0.5,0.5,2.14,1.769,53,62.5,1.909,2,102,123.5,1.909,1.909,227,0,227,241.5,1.909,2
2025-10-30,ORL@CHA,3.5,1,1,2.36,1.73,69,61.5,1.909,2.05,129,121.5,1.909,1.909,230,0,230,239.5,1.952,1.909
2025-10-30,WAS@OKC,-16.5,-8.5,-4.5,1.0833,8.75,48,59.5,1.909,1.95,108,116.5,1.869,1.952,235,0,235,232.5,2,1.909
2025-10-30,GSW@MIL,8.5,4.5,0.5,3.5,1.33,59,56.5,1.91,1.91,118,111.5,1.909,1.909,230,0,230,229.5,2,1.909
2025-10-30,MIA@SAS,-5.5,-3.5,-1.5,1.43,2.95,64,59.5,1.95,1.909,117,116.5,1.909,1.909,208,0,208,229.5,2.01,1.909
2025-10-31,BOS@PHI,1.5,0.5,-0.5,2,1.92,63,60.5,1.952,1.91,125,119.5,1.869,1.952,217,0,217,234.5,1.952,1.909
2025-10-31,ATL@IND,2.5,1,0.5,2.15,1.75,61,59.5,1.952,1.87,122,117.5,1.869,1.952,236,0,236,231.5,1.909,2
2025-10-31,TOR@CLE,-5.5,-3.5,-1.5,1.54,2.6,52,57.5,1.952,1.98,91,114.5,1.952,1.869,213,0,213,237.5,1.952,1.909
2025-10-31,NYK@CHI,5.5,2.5,1.5,2.65,1.51,62,60,1.869,1.952,125,120.5,1.909,1.909,260,0,260,234.5,2,1.909
2025-10-31,LAL@MEM,2.5,0.5,-0.5,2.1,1.8,58,61.5,1.952,1.95,124,121.5,1.869,1.952,229,0,229,238.5,2,1.909
2025-10-31,DEN@POR,5.5,2.5,1.5,2.95,1.444,44,62.5,1.91,1.91,110,122.5,1.869,1.952,216,0,216,238.5,1.909,2
2025-10-31,UTA@PHX,-2.5,-1.5,-1,1.67,2.3,54,57.5,1.909,1.95,94,114.5,1.869,1.952,214,0,214,236.5,1.909,2.05
2025-10-31,NOP@LAC,-10.5,-6.5,-3.5,1.1923,5.25,54,54.5,1.87,1.952,126,108.5,1.909,1.909,250,0,250,222.5,1.909,2
