Fluminense|2|0|Bahia|1.73|3.80|4.50
Botafogo|4|2|Fortaleza|1.84|3.70|3.40
Corinthians|1|1|Juventude|1.57|4.10|5.50
Santos|3|0|Cruzeiro|1.36|4.80|8.25
Atlético Mineiro|5|0|Vasco da Gama|1.57|4.20|6.00
Internacional|3|1|Bragantino|1.74|3.80|4.45
Vitória|1|0|São Paulo|2.40|3.05|3.10
Ceará|1|3|Palmeiras|2.20|3.20|3.15
Sport Recife|0|4|Grêmio|4.75|3.86|1.72
Mirassol|3|3|Flamengo|1.28|5.00|8.40
Cruzeiro|2|2|Botafogo|1.75|3.48|5.10
Atlético Mineiro|0|3|Palmeiras|3.25|3.00|2.20
Flamengo|1|0|Ceará|1.20|5.25|10.00
São Paulo|3|0|Internacional|2.56|3.10|2.70
Bahia|2|0|Sport Recife|1.22|6.80|12.00
Juventude|0|3|Santos|5.25|3.65|1.72
Bragantino|4|0|Vitória|1.91|3.46|3.55
Fortaleza|2|1|Corinthians|1.90|3.25|4.60
Grêmio|1|2|Fluminense|2.95|3.10|2.45
Vasco da Gama|0|2|Mirassol|2.10|3.30|3.45
Fortaleza|1|0|Atlético Mineiro|2.28|3.15|3.15
Corinthians|2|2|Botafogo|2.30|3.15|3.00
Ceará|1|1|Cruzeiro|3.14|3.25|2.37
Vitória|2|0|Mirassol|2.52|2.97|2.59
Santos|3|0|Sport Recife|1.32|5.50|8.50
Vasco da Gama|5|1|Internacional|2.41|3.30|3.00
Juventude|1|1|Bahia|3.15|3.55|2.29
Fluminense|6|0|São Paulo|1.47|3.40|6.00
Bragantino|0|1|Fortaleza|1.85|3.55|4.00
Atlético Mineiro|1|1|Flamengo|3.75|3.05|2.00
Grêmio|3|2|Palmeiras|2.29|3.15|3.24
Internacional|1|1|Santos|2.18|3.15|3.64
Mirassol|3|0|Ceará|1.65|3.75|5.25
Cruzeiro|3|0|Corinthians|1.58|3.50|4.90
Sport Recife|1|3|Vitória|3.10|3.30|2.20
São Paulo|2|1|Juventude|1.68|3.75|5.50
Bahia|1|0|Vasco da Gama|1.70|3.80|4.35
Flamengo|3|0|Bragantino|1.22|4.95|8.75
Palmeiras|0|0|Fluminense|1.59|3.90|6.00
Botafogo|3|2|Grêmio|1.65|3.85|5.25
Ceará|1|2|Internacional|2.10|2.95|3.30
Corinthians|3|1|São Paulo|2.54|2.76|3.40
Bahia|2|3|Fortaleza|1.53|4.50|5.50
Juventude|3|3|Cruzeiro|4.00|3.20|1.90
Fluminense|2|1|Flamengo|3.50|2.95|2.30
Santos|1|1|Mirassol|1.95|3.00|3.15
Grêmio|2|0|Vasco da Gama|2.00|3.60|3.77
Palmeiras|0|0|Vitória|1.29|5.20|9.00
Botafogo|3|2|Sport Recife|1.22|6.45|11.00
Bragantino|2|0|Atlético Mineiro|2.23|3.00|3.15
Santos|1|0|Palmeiras|3.28|3.45|2.36
Sport Recife|1|5|Flamengo|7.50|4.60|1.29
Atlético Mineiro|3|3|Fortaleza|1.64|3.79|5.25
Mirassol|2|1|Palmeiras|3.70|3.42|2.05
Fortaleza|2|2|Grêmio|2.05|3.40|3.60
Flamengo|3|2|Santos|1.36|5.00|8.75
Corinthians|0|1|Ceará|1.68|3.40|5.30
Cruzeiro|0|0|Fluminense|1.85|3.10|4.25
Vitória|0|0|Botafogo|3.30|3.31|2.20
São Paulo|0|1|Bragantino|1.75|3.48|4.80
Internacional|2|2|Bahia|2.32|3.25|3.00
Vasco da Gama|1|3|Juventude|1.49|4.30|6.00
Sport Recife|2|4|Atlético Mineiro|2.68|2.96|2.45
Palmeiras|2|0|Santos|1.40|4.50|8.00
Ceará|1|1|Fortaleza|2.38|2.98|3.53
Fluminense|1|0|Mirassol|1.90|3.34|4.36
São Paulo|2|2|Flamengo|4.12|3.05|1.98
Atlético Mineiro|3|0|Bahia|2.27|3.00|3.20
Grêmio|0|1|Cruzeiro|3.00|3.25|2.29
Botafogo|3|0|Vasco da Gama|1.88|3.45|4.00
Bragantino|2|1|Corinthians|2.60|3.27|2.70
Vitória|1|0|Internacional|2.31|2.90|3.16
Sport Recife|0|2|Juventude|1.85|3.40|4.16
Vasco da Gama|0|2|São Paulo|2.42|2.93|3.32
Internacional|0|0|Atlético Mineiro|1.97|3.15|3.70
Juventude|0|2|Palmeiras|5.75|3.70|1.56
Corinthians|2|0|Grêmio|1.66|3.32|4.60
Bahia|2|1|Bragantino|1.63|3.50|4.50
Ceará|2|0|Fluminense|2.58|2.85|2.62
Flamengo|3|0|Sport Recife|1.22|6.75|12.00
Mirassol|0|0|Botafogo|2.42|3.32|2.95
Santos|1|1|Fortaleza|1.67|3.39|4.40
Cruzeiro|3|1|Vitória|1.36|4.00|7.30
Fluminense|1|0|Ceará|1.54|3.80|6.00
Palmeiras|0|0|Cruzeiro|1.70|3.68|5.28
Bragantino|0|3|Vasco da Gama|2.16|3.54|3.55
Botafogo|2|2|Santos|1.90|3.20|4.57
Grêmio|3|1|Juventude|1.75|3.60|4.88
São Paulo|2|0|Bahia|2.03|3.00|4.35
Fortaleza|1|0|Flamengo|5.10|3.50|1.71
Sport Recife|1|2|Mirassol|2.80|3.10|2.54
Fluminense|1|0|Internacional|1.83|3.06|4.00
Atlético Mineiro|1|0|Ceará|1.73|3.29|4.20
Vitória|0|1|Corinthians|2.63|2.96|2.49
Bahia|1|0|Internacional|1.85|3.45|4.15
Santos|0|1|Vitória|1.48|3.92|6.20
Vasco da Gama|2|0|Fluminense|2.72|2.98|2.72
Juventude|1|0|Bragantino|2.80|3.15|2.52
Bahia|4|0|Grêmio|1.60|3.50|4.75
Mirassol|3|0|São Paulo|2.63|2.82|3.05
Internacional|2|0|Sport Recife|1.65|3.97|5.25
Ceará|0|2|Botafogo|2.48|2.95|3.05
Flamengo|3|2|Palmeiras|1.99|3.38|4.00
Cruzeiro|1|0|Fortaleza|1.53|4.35|6.15
Corinthians|1|0|Atlético Mineiro|2.05|3.00|3.80
Fluminense|1|0|Juventude|1.35|4.25|9.20
Vitória|2|1|Bahia|2.70|2.87|2.58
Grêmio|2|0|São Paulo|3.20|2.78|2.31
Santos|3|1|Corinthians|2.10|3.00|3.25
Atlético Mineiro|1|1|Cruzeiro|3.25|3.10|2.19
Fortaleza|0|2|Vasco da Gama|2.35|3.00|3.05
Mirassol|3|1|Internacional|2.12|3.25|3.40
Sport Recife|1|1|Ceará|2.48|3.20|2.90
Botafogo|0|3|Flamengo|4.10|3.10|2.00
Palmeiras|5|1|Bragantino|1.37|4.55|7.75
Palmeiras|4|1|Juventude|1.24|4.95|14.50
Mirassol|2|1|Fluminense|2.37|3.10|2.92
Atlético Mineiro|3|1|Sport Recife|1.55|3.60|5.25
Cruzeiro|1|1|Sport Recife|1.57|3.50|6.00
Ceará|3|0|Santos|2.30|2.96|3.14
Bahia|1|0|Flamengo|4.85|3.50|1.70
Juventude|1|2|Fortaleza|2.33|2.90|2.75
Vasco da Gama|4|3|Vitória|1.69|3.75|4.80
São Paulo|2|3|Palmeiras|3.50|3.00|2.25
Corinthians|3|0|Mirassol|2.00|3.25|3.75
Fluminense|3|0|Atlético Mineiro|2.05|3.12|4.20
Bragantino|1|0|Grêmio|2.09|3.15|4.00
Internacional|2|0|Botafogo|2.38|3.20|2.97
Flamengo|0|0|Cruzeiro|1.58|3.70|6.05
Fortaleza|0|2|São Paulo|2.75|3.10|2.74
Vitória|1|0|Ceará|2.35|2.82|3.25
Botafogo|2|1|Bahia|1.85|3.45|4.00
Santos|1|1|Grêmio|1.85|3.10|4.30
Internacional|1|1|Corinthians|2.24|3.20|4.36
Palmeiras|3|0|Vasco da Gama|1.36|4.75|8.50
Mirassol|1|1|Bragantino|1.81|3.58|4.50
Sport Recife|2|2|Fluminense|3.30|3.08|2.44
Atlético Mineiro|0|0|Juventude|1.50|3.60|6.00
São Paulo|0|1|Ceará|1.46|3.40|6.40
Corinthians|1|2|Flamengo|4.00|3.10|2.00
Bragantino|2|2|Santos|2.20|3.25|3.38
Fluminense|2|0|Botafogo|2.47|2.88|3.25
Bahia|1|0|Palmeiras|3.80|3.38|1.95
Grêmio|3|1|Vitória|1.75|3.40|4.40
Atlético Mineiro|1|0|Mirassol|2.00|3.30|3.70
Vasco da Gama|2|0|Cruzeiro|2.80|3.10|2.39
Juventude|1|1|Internacional|3.50|3.10|1.88
Fortaleza|1|0|Sport Recife|1.68|3.36|4.40
Vasco da Gama|3|1|Bahia|2.35|3.25|3.15
Grêmio|1|1|Botafogo|2.92|3.10|2.60
Santos|1|0|São Paulo|2.40|3.00|3.15
Cruzeiro|2|1|Bragantino|1.55|3.85|5.70
Flamengo|1|1|Vasco da Gama|1.31|4.40|7.60
Internacional|2|3|Grêmio|1.72|3.25|4.33
Sport Recife|1|0|Corinthians|2.48|2.85|2.73
Mirassol|2|0|Juventude|1.55|3.50|5.30
Palmeiras|4|1|Fortaleza|1.40|4.50|7.75
Botafogo|1|0|Atlético Mineiro|1.57|3.50|4.80
Ceará|1|1|Bahia|2.60|3.10|2.91
Vitória|0|1|Fluminense|2.52|2.87|2.68
Botafogo|3|3|Mirassol|1.70|3.40|4.50
Bahia|1|2|Cruzeiro|2.75|2.98|2.50
Vasco da Gama|2|2|Ceará|1.97|3.05|4.05
São Paulo|1|0|Botafogo|2.20|3.00|3.75
Atlético Mineiro|1|1|Santos|1.82|3.50|4.60
Juventude|0|2|Flamengo|8.00|4.40|1.43
Bragantino|1|1|Sport Recife|1.81|3.56|4.60
Fluminense|0|1|Corinthians|2.20|3.00|3.80
Palmeiras|4|1|Internacional|1.53|4.00|6.50
Grêmio|0|1|Mirassol|2.25|3.10|3.45
Fortaleza|2|0|Vitória|1.92|3.35|4.30
Internacional|2|1|Fortaleza|1.65|3.87|5.05
Sport Recife|2|3|Vasco da Gama|2.40|2.95|3.08
Corinthians|1|1|Palmeiras|3.85|3.00|2.31
Mirassol|5|1|Bahia|2.32|3.15|3.05
Vitória|1|0|Atlético Mineiro|3.54|3.05|2.38
Flamengo|1|1|Grêmio|1.28|5.95|12.00
Santos|0|0|Fluminense|2.31|3.20|3.00
Cruzeiro|1|0|São Paulo|1.91|3.10|4.50
Botafogo|4|1|Bragantino|1.70|4.10|4.70
Ceará|0|1|Juventude|1.56|3.55|5.10
Flamengo|8|0|Vitória|1.18|5.40|12.00
Palmeiras|3|0|Sport Recife|1.30|4.60|9.60
São Paulo|2|0|Atlético Mineiro|1.73|3.30|4.80
Fortaleza|0|1|Mirassol|2.50|3.00|2.85
Juventude|1|3|Botafogo|3.95|3.30|2.03
Vasco da Gama|2|3|Corinthians|2.16|3.20|3.75
Bahia|2|0|Santos|1.66|3.75|4.90
Grêmio|0|0|Ceará|2.12|3.00|3.65
Cruzeiro|2|1|Internacional|1.59|3.40|4.55
Bragantino|4|2|Fluminense|2.26|2.91|3.01
Juventude|2|0|Vasco da Gama|3.38|3.25|2.12
Mirassol|1|1|Cruzeiro|3.06|3.20|2.40
Botafogo|0|1|Palmeiras|3.00|2.90|2.50
Internacional|1|3|Flamengo|4.90|3.25|1.90
Santos|0|6|Vasco da Gama|1.97|3.52|4.10
Atlético Mineiro|1|3|Grêmio|1.76|3.68|5.00
Corinthians|1|2|Bahia|2.74|2.80|2.85
Vitória|2|2|Juventude|1.72|3.35|4.60
Sport Recife|2|2|São Paulo|2.25|2.80|3.05
Fluminense|2|1|Fortaleza|1.75|3.08|4.50
Ceará|1|0|Bragantino|2.19|2.93|3.11
Juventude|2|1|Corinthians|3.29|2.94|2.10
Grêmio|0|1|Sport Recife|1.81|3.12|4.10
Cruzeiro|1|2|Santos|1.50|4.15|5.90
Vasco da Gama|1|1|Atlético Mineiro|2.36|3.10|2.98
Palmeiras|2|1|Ceará|1.46|3.95|8.84
Bahia|3|3|Fluminense|1.45|3.50|4.75
Fortaleza|0|5|Botafogo|2.50|3.10|3.14
Flamengo|2|1|Mirassol|1.34|4.90|10.00
São Paulo|2|0|Vitória|1.67|3.50|5.90
Bragantino|1|3|Internacional|2.45|3.00|2.92
Santos|3|1|Juventude|1.38|3.97|7.00
Internacional|1|2|São Paulo|1.89|3.03|3.85
Vitória|2|2|Palmeiras|4.40|2.93|1.98
Atlético Mineiro|2|1|Bragantino|1.91|3.20|4.20
Ceará|1|1|Flamengo|4.80|3.05|1.75
Botafogo|0|2|Cruzeiro|2.10|3.25|3.40
Corinthians|1|1|Fortaleza|2.04|3.05|4.04
Fluminense|1|0|Grêmio|1.84|3.21|3.77
Mirassol|3|2|Vasco da Gama|1.77|3.40|4.50
Sport Recife|0|0|Bahia|3.10|2.94|2.37
Grêmio|2|1|Fortaleza|2.15|3.08|3.03
Flamengo|1|0|Atlético Mineiro|1.61|3.39|4.90
Internacional|1|1|Vasco da Gama|1.55|3.70|5.75
Bahia|3|0|Juventude|1.29|5.75|9.75
São Paulo|3|1|Fluminense|2.27|3.00|3.50
Cruzeiro|1|2|Ceará|1.34|3.95|8.10
Palmeiras|1|0|Grêmio|1.37|4.60|8.50
Botafogo|1|1|Corinthians|1.62|3.70|6.40
Mirassol|1|1|Vitória|1.72|3.55|5.73
Fortaleza|3|1|Bragantino|2.31|3.20|3.25
Sport Recife|2|2|Santos|2.58|3.10|2.80
Juventude|0|1|São Paulo|3.75|3.05|1.95
Santos|1|2|Internacional|2.02|3.09|3.32
Bragantino|1|2|Flamengo|2.93|3.02|2.24
Vitória|2|2|Sport Recife|1.84|3.08|3.96
Corinthians|0|0|Cruzeiro|2.40|3.05|2.67
Fluminense|1|2|Palmeiras|2.90|3.05|2.49
Ceará|0|2|Mirassol|2.00|3.20|4.20
Flamengo|1|0|Fluminense|1.60|3.41|4.90
Palmeiras|3|2|Atlético Mineiro|1.69|3.59|5.85
Sport Recife|0|1|Botafogo|3.75|3.20|2.05
Cruzeiro|4|0|Juventude|1.33|5.00|11.00
Vitória|1|0|Bragantino|2.54|2.77|2.70
Internacional|1|0|Ceará|1.55|3.47|5.30
São Paulo|2|0|Corinthians|2.31|2.96|2.87
Mirassol|3|0|Santos|2.74|3.13|2.60
Vasco da Gama|1|1|Grêmio|2.10|3.15|3.80
Fortaleza|1|1|Bahia|2.65|3.00|2.80
Fluminense|0|2|Cruzeiro|2.31|3.10|3.05
Botafogo|0|0|Vitória|1.39|4.46|6.90
Bragantino|2|2|São Paulo|2.33|3.00|3.40
Santos|1|0|Flamengo|3.90|3.00|1.80
Ceará|0|1|Corinthians|2.40|2.80|3.25
Palmeiras|1|1|Mirassol|1.41|4.10|9.15
Juventude|2|0|Sport Recife|2.70|3.10|2.70
Cruzeiro|4|1|Grêmio|1.69|3.12|4.80
Fortaleza|0|1|Ceará|1.97|3.01|3.57
Corinthians|1|2|Bragantino|2.02|2.96|3.50
Bahia|2|1|Atlético Mineiro|2.16|2.75|3.41
Vasco da Gama|0|2|Botafogo|2.92|2.96|2.28
Flamengo|2|0|São Paulo|1.45|4.05|6.90
Internacional|1|0|Vitória|1.66|3.60|6.00
São Paulo|1|3|Vasco da Gama|1.80|3.33|5.10
Atlético Mineiro|2|0|Internacional|1.81|3.05|3.95
Grêmio|1|1|Corinthians|2.20|3.03|3.25
Fortaleza|2|3|Santos|2.29|3.05|3.24
Bragantino|0|3|Bahia|2.28|3.00|3.44
Vitória|0|0|Cruzeiro|3.52|3.00|2.33
Botafogo|3|2|Ceará|1.63|3.60|5.50
Internacional|0|2|Fluminense|2.01|3.15|3.80
Cruzeiro|2|1|Palmeiras|3.25|3.01|2.45
Flamengo|5|0|Fortaleza|1.33|5.00|8.75
Corinthians|0|0|Vitória|1.63|3.40|5.50
Ceará|0|1|Atlético Mineiro|2.75|2.90|2.85
Santos|0|1|Botafogo|2.45|2.84|2.78
Juventude|0|2|Grêmio|2.75|3.10|2.31
Mirassol|1|0|Sport Recife|1.90|3.02|3.82
Vasco da Gama|0|2|Bragantino|2.30|2.80|3.00
Bahia|2|1|São Paulo|1.86|3.22|4.95
Bragantino|1|0|Juventude|1.36|4.30|8.10
Fortaleza|0|2|Cruzeiro|2.37|3.07|3.00
Vitória|0|1|Santos|2.15|3.10|3.60
Palmeiras|0|2|Flamengo|2.25|2.93|2.99
Sport Recife|1|1|Internacional|2.67|3.03|2.41
Grêmio|1|0|Bahia|2.27|2.93|2.96
Atlético Mineiro|0|0|Corinthians|1.87|3.20|4.20
Fluminense|2|1|Vasco da Gama|1.80|3.40|4.45
São Paulo|0|2|Mirassol|1.68|3.50|5.10
Cruzeiro|0|0|Atlético Mineiro|2.49|3.05|3.00
Internacional|1|1|Mirassol|1.60|3.90|5.60
Flamengo|0|0|Botafogo|1.73|3.40|5.10
Bragantino|1|2|Palmeiras|3.15|3.10|2.28
Corinthians|1|0|Santos|2.00|3.01|3.47
Bahia|2|1|Vitória|1.70|3.29|4.40
Juventude|1|1|Fluminense|2.87|3.08|2.24
São Paulo|2|1|Grêmio|1.65|3.65|6.16
Vasco da Gama|3|0|Fortaleza|2.55|2.90|3.24
Ceará|2|0|Sport Recife|1.84|3.08|3.96
Santos|0|0|Ceará|2.29|3.00|3.50
Botafogo|4|0|Internacional|2.17|3.15|3.30
Palmeiras|1|0|São Paulo|1.61|3.27|5.20
Atlético Mineiro|3|2|Fluminense|1.86|3.18|3.72
Sport Recife|0|4|Cruzeiro|2.23|2.93|3.02
Flamengo|1|0|Bahia|1.35|4.50|7.40
Mirassol|2|1|Corinthians|2.87|3.10|2.43
Grêmio|1|1|Bragantino|2.60|3.20|2.93
Vitória|2|1|Vasco da Gama|2.14|3.15|3.60
Fortaleza|5|0|Juventude|1.63|3.65|4.85
Juventude|0|1|Atlético Mineiro|3.05|3.15|2.40
Bragantino|1|0|Mirassol|1.88|3.30|4.64
Cruzeiro|2|1|Flamengo|4.50|3.34|1.92
Vasco da Gama|0|1|Palmeiras|5.00|3.27|1.77
Grêmio|1|0|Santos|2.40|3.13|3.00
Bahia|1|0|Botafogo|2.14|3.25|3.40
Fluminense|2|1|Sport Recife|1.77|3.35|5.00
Corinthians|4|2|Internacional|2.55|2.94|2.97
Ceará|1|0|Vitória|2.29|2.88|3.50
São Paulo|0|0|Fortaleza|1.83|3.29|5.24
Santos|1|2|Bragantino|2.15|3.25|3.35
Palmeiras|0|1|Bahia|1.56|4.10|6.31
Cruzeiro|1|0|Vasco da Gama|2.10|3.13|3.60
Vitória|1|1|Grêmio|2.29|3.20|3.10
Flamengo|4|0|Corinthians|1.45|4.20|7.00
Botafogo|2|0|Fluminense|2.16|3.04|3.99
Sport Recife|0|0|Fortaleza|2.27|3.15|3.25
Mirassol|2|2|Atlético Mineiro|2.99|3.13|2.48
Ceará|1|1|São Paulo|2.25|2.70|3.50
Internacional|3|1|Juventude|1.37|5.01|8.30
Bahia|1|0|Ceará|1.68|3.55|4.75
Bragantino|1|0|Cruzeiro|2.10|3.00|3.25
Fluminense|1|1|Vitória|1.70|3.38|6.20
Fortaleza|1|2|Palmeiras|3.95|3.10|2.05
São Paulo|2|1|Santos|2.01|3.23|3.79
Atlético Mineiro|1|0|Botafogo|2.18|3.20|3.35
Juventude|2|2|Mirassol|2.05|3.19|3.74
Grêmio|1|1|Internacional|3.25|2.95|2.45
Vasco da Gama|0|0|Flamengo|7.00|4.00|1.50
Corinthians|2|1|Sport Recife|1.66|3.78|6.24
Cruzeiro|3|0|Bahia|2.41|3.10|3.30
Flamengo|6|0|Juventude|1.20|6.50|13.93
Santos|2|0|Atlético Mineiro|2.45|3.18|3.00
Vitória|2|1|Fortaleza|2.50|3.05|3.10
Corinthians|0|2|Fluminense|2.00|2.95|4.20
Internacional|0|1|Palmeiras|2.65|3.00|2.80
Mirassol|4|1|Grêmio|2.43|3.00|3.00
Sport Recife|0|1|Bragantino|2.13|3.30|3.72
Botafogo|2|2|São Paulo|1.77|3.10|4.75
Ceará|2|1|Vasco da Gama|2.10|2.90|3.40
Atlético Mineiro|2|2|Vitória|1.55|3.97|6.25
Fortaleza|0|0|Internacional|2.80|2.95|2.52
Fluminense|1|0|Santos|1.91|3.19|4.75
São Paulo|1|1|Cruzeiro|2.01|3.15|3.91
Grêmio|0|2|Flamengo|3.08|3.20|2.31
Bahia|1|1|Mirassol|1.50|4.20|6.20
Vasco da Gama|3|1|Sport Recife|1.93|3.00|4.00
Palmeiras|2|0|Corinthians|1.73|3.40|5.00
Bragantino|1|0|Botafogo|2.83|3.04|2.68
Juventude|2|1|Ceará|2.38|3.10|3.20
Santos|2|2|Bahia|2.02|2.95|4.30
Mirassol|1|1|Fortaleza|3.15|3.20|2.27
Internacional|3|0|Cruzeiro|1.77|3.45|4.70
Vitória|1|2|Flamengo|4.90|3.71|1.68
Sport Recife|1|2|Palmeiras|5.10|3.45|1.71
Fluminense|2|1|Bragantino|1.78|3.41|4.60
Atlético Mineiro|0|0|São Paulo|2.21|3.23|3.23
Botafogo|2|0|Juventude|1.49|3.96|6.80
Corinthians|3|0|Vasco da Gama|1.62|3.88|5.10
Ceará|2|0|Grêmio|2.65|3.18|2.65
Bragantino|2|2|Ceará|2.11|3.15|3.60
Bahia|1|1|Corinthians|1.95|3.36|3.85
Vasco da Gama|2|1|Santos|2.45|3.18|2.88
Palmeiras|0|0|Botafogo|1.69|3.45|5.30
Flamengo|1|1|Internacional|1.70|3.64|4.80
São Paulo|0|0|Sport Recife|1.52|3.88|6.40
Cruzeiro|2|1|Mirassol|1.55|3.56|7.00
Grêmio|2|1|Atlético Mineiro|2.14|3.32|3.33
Fortaleza|2|0|Fluminense|2.26|3.09|3.29
Juventude|2|0|Vitória|2.04|3.29|3.64
